,date,predict
0,2005/3/23,1
1,2005/3/24,1
2,2005/3/25,1
3,2005/3/28,1
4,2005/3/29,1
5,2005/3/30,1
6,2005/3/31,1
7,2005/4/1,1
8,2005/4/4,1
9,2005/4/5,1
10,2005/4/6,1
11,2005/4/7,1
12,2005/4/8,1
13,2005/4/11,1
14,2005/4/12,1
15,2005/4/13,1
16,2005/4/14,1
17,2005/4/15,1
18,2005/4/18,1
19,2005/4/19,1
20,2005/4/20,1
21,2005/4/21,1
22,2005/4/22,1
23,2005/4/25,1
24,2005/4/26,1
25,2005/4/27,1
26,2005/4/28,1
27,2005/4/29,1
28,2005/5/9,1
29,2005/5/10,1
30,2005/5/11,1
31,2005/5/12,1
32,2005/5/13,1
33,2005/5/16,1
34,2005/5/17,1
35,2005/5/18,1
36,2005/5/19,1
37,2005/5/20,1
38,2005/5/23,1
39,2005/5/24,1
40,2005/5/25,1
41,2005/5/26,1
42,2005/5/27,1
43,2005/5/30,1
44,2005/5/31,1
45,2005/6/1,1
46,2005/6/2,1
47,2005/6/3,1
48,2005/6/6,1
49,2005/6/7,1
50,2005/6/8,1
51,2005/6/9,1
52,2005/6/10,1
53,2005/6/13,1
54,2005/6/14,1
55,2005/6/15,1
56,2005/6/16,1
57,2005/6/17,1
58,2005/6/20,1
59,2005/6/21,1
60,2005/6/22,1
61,2005/6/23,1
62,2005/6/24,1
63,2005/6/27,1
64,2005/6/28,1
65,2005/6/29,1
66,2005/6/30,1
67,2005/7/1,1
68,2005/7/4,1
69,2005/7/5,1
70,2005/7/6,1
71,2005/7/7,1
72,2005/7/8,1
73,2005/7/11,1
74,2005/7/12,1
75,2005/7/13,1
76,2005/7/14,1
77,2005/7/15,1
78,2005/7/18,1
79,2005/7/19,1
80,2005/7/20,1
81,2005/7/21,1
82,2005/7/22,1
83,2005/7/25,1
84,2005/7/26,1
85,2005/7/27,1
86,2005/7/28,1
87,2005/7/29,1
88,2005/8/1,1
89,2005/8/2,1
90,2005/8/3,1
91,2005/8/4,1
92,2005/8/5,1
93,2005/8/8,1
94,2005/8/9,1
95,2005/8/10,1
96,2005/8/11,1
97,2005/8/12,1
98,2005/8/15,1
99,2005/8/16,1
100,2005/8/17,1
101,2005/8/18,1
102,2005/8/19,1
103,2005/8/22,1
104,2005/8/23,1
105,2005/8/24,1
106,2005/8/25,1
107,2005/8/26,1
108,2005/8/29,1
109,2005/8/30,1
110,2005/8/31,1
111,2005/9/1,1
112,2005/9/2,1
113,2005/9/5,1
114,2005/9/6,1
115,2005/9/7,1
116,2005/9/8,1
117,2005/9/9,1
118,2005/9/12,1
119,2005/9/13,1
120,2005/9/14,1
121,2005/9/15,1
122,2005/9/16,1
123,2005/9/19,1
124,2005/9/20,1
125,2005/9/21,1
126,2005/9/22,1
127,2005/9/23,1
128,2005/9/26,1
129,2005/9/27,1
130,2005/9/28,1
131,2005/9/29,1
132,2005/9/30,1
133,2005/10/10,1
134,2005/10/11,1
135,2005/10/12,1
136,2005/10/13,1
137,2005/10/14,1
138,2005/10/17,1
139,2005/10/18,1
140,2005/10/19,1
141,2005/10/20,1
142,2005/10/21,1
143,2005/10/24,1
144,2005/10/25,1
145,2005/10/26,1
146,2005/10/27,1
147,2005/10/28,1
148,2005/10/31,1
149,2005/11/1,1
150,2005/11/2,1
151,2005/11/3,1
152,2005/11/4,1
153,2005/11/7,1
154,2005/11/8,1
155,2005/11/9,1
156,2005/11/10,1
157,2005/11/11,1
158,2005/11/14,1
159,2005/11/15,1
160,2005/11/16,1
161,2005/11/17,1
162,2005/11/18,1
163,2005/11/21,1
164,2005/11/22,1
165,2005/11/23,1
166,2005/11/24,1
167,2005/11/25,1
168,2005/11/28,1
169,2005/11/29,1
170,2005/11/30,1
171,2005/12/1,1
172,2005/12/2,1
173,2005/12/5,1
174,2005/12/6,1
175,2005/12/7,1
176,2005/12/8,1
177,2005/12/9,1
178,2005/12/12,1
179,2005/12/13,1
180,2005/12/14,1
181,2005/12/15,1
182,2005/12/16,1
183,2005/12/19,1
184,2005/12/20,1
185,2005/12/21,1
186,2005/12/22,1
187,2005/12/23,1
188,2005/12/26,1
189,2005/12/27,1
190,2005/12/28,1
191,2005/12/29,1
192,2005/12/30,1
193,2006/1/4,1
194,2006/1/5,1
195,2006/1/6,1
196,2006/1/9,1
197,2006/1/10,1
198,2006/1/11,1
199,2006/1/12,1
200,2006/1/13,1
201,2006/1/16,1
202,2006/1/17,1
203,2006/1/18,1
204,2006/1/19,1
205,2006/1/20,1
206,2006/1/23,1
207,2006/1/24,1
208,2006/1/25,1
209,2006/2/6,1
210,2006/2/7,1
211,2006/2/8,1
212,2006/2/9,1
213,2006/2/10,1
214,2006/2/13,1
215,2006/2/14,1
216,2006/2/15,1
217,2006/2/16,1
218,2006/2/17,1
219,2006/2/20,1
220,2006/2/21,1
221,2006/2/22,1
222,2006/2/23,1
223,2006/2/24,1
224,2006/2/27,1
225,2006/2/28,1
226,2006/3/1,1
227,2006/3/2,1
228,2006/3/3,1
229,2006/3/6,1
230,2006/3/7,1
231,2006/3/8,1
232,2006/3/9,1
233,2006/3/10,1
234,2006/3/13,1
235,2006/3/14,1
236,2006/3/15,1
237,2006/3/16,1
238,2006/3/17,1
239,2006/3/20,1
240,2006/3/21,1
241,2006/3/22,1
242,2006/3/23,1
243,2006/3/24,1
244,2006/3/27,1
245,2006/3/28,1
246,2006/3/29,1
247,2006/3/30,1
248,2006/3/31,1
249,2006/4/3,1
250,2006/4/4,1
251,2006/4/5,1
252,2006/4/6,1
253,2006/4/7,1
254,2006/4/10,1
255,2006/4/11,1
256,2006/4/12,1
257,2006/4/13,1
258,2006/4/14,1
259,2006/4/17,1
260,2006/4/18,1
261,2006/4/19,1
262,2006/4/20,1
263,2006/4/21,1
264,2006/4/24,1
265,2006/4/25,1
266,2006/4/26,1
267,2006/4/27,1
268,2006/4/28,1
269,2006/5/8,1
270,2006/5/9,1
271,2006/5/10,1
272,2006/5/11,1
273,2006/5/12,1
274,2006/5/15,1
275,2006/5/16,1
276,2006/5/17,1
277,2006/5/18,1
278,2006/5/19,1
279,2006/5/22,1
280,2006/5/23,1
281,2006/5/24,1
282,2006/5/25,1
283,2006/5/26,1
284,2006/5/29,1
285,2006/5/30,1
286,2006/5/31,1
287,2006/6/1,1
288,2006/6/2,1
289,2006/6/5,1
290,2006/6/6,1
291,2006/6/7,1
292,2006/6/8,1
293,2006/6/9,1
294,2006/6/12,1
295,2006/6/13,1
296,2006/6/14,1
297,2006/6/15,1
298,2006/6/16,1
299,2006/6/19,1
300,2006/6/20,1
301,2006/6/21,1
302,2006/6/22,1
303,2006/6/23,1
304,2006/6/26,1
305,2006/6/27,1
306,2006/6/28,1
307,2006/6/29,1
308,2006/6/30,1
309,2006/7/3,1
310,2006/7/4,1
311,2006/7/5,1
312,2006/7/6,1
313,2006/7/7,1
314,2006/7/10,1
315,2006/7/11,1
316,2006/7/12,1
317,2006/7/13,1
318,2006/7/14,1
319,2006/7/17,1
320,2006/7/18,1
321,2006/7/19,1
322,2006/7/20,1
323,2006/7/21,1
324,2006/7/24,1
325,2006/7/25,1
326,2006/7/26,1
327,2006/7/27,1
328,2006/7/28,1
329,2006/7/31,1
330,2006/8/1,1
331,2006/8/2,1
332,2006/8/3,1
333,2006/8/4,1
334,2006/8/7,1
335,2006/8/8,1
336,2006/8/9,1
337,2006/8/10,1
338,2006/8/11,1
339,2006/8/14,1
340,2006/8/15,1
341,2006/8/16,1
342,2006/8/17,1
343,2006/8/18,1
344,2006/8/21,1
345,2006/8/22,1
346,2006/8/23,1
347,2006/8/24,1
348,2006/8/25,1
349,2006/8/28,1
350,2006/8/29,1
351,2006/8/30,1
352,2006/8/31,1
353,2006/9/1,1
354,2006/9/4,1
355,2006/9/5,1
356,2006/9/6,1
357,2006/9/7,1
358,2006/9/8,1
359,2006/9/11,1
360,2006/9/12,1
361,2006/9/13,1
362,2006/9/14,1
363,2006/9/15,1
364,2006/9/18,1
365,2006/9/19,1
366,2006/9/20,1
367,2006/9/21,1
368,2006/9/22,1
369,2006/9/25,1
370,2006/9/26,1
371,2006/9/27,1
372,2006/9/28,1
373,2006/9/29,1
374,2006/10/9,1
375,2006/10/10,1
376,2006/10/11,1
377,2006/10/12,1
378,2006/10/13,1
379,2006/10/16,1
380,2006/10/17,1
381,2006/10/18,1
382,2006/10/19,1
383,2006/10/20,1
384,2006/10/23,1
385,2006/10/24,1
386,2006/10/25,1
387,2006/10/26,1
388,2006/10/27,1
389,2006/10/30,1
390,2006/10/31,1
391,2006/11/1,1
392,2006/11/2,1
393,2006/11/3,1
394,2006/11/6,1
395,2006/11/7,1
396,2006/11/8,1
397,2006/11/9,1
398,2006/11/10,1
399,2006/11/13,1
400,2006/11/14,1
401,2006/11/15,1
402,2006/11/16,1
403,2006/11/17,1
404,2006/11/20,1
405,2006/11/21,1
406,2006/11/22,1
407,2006/11/23,1
408,2006/11/24,1
409,2006/11/27,1
410,2006/11/28,1
411,2006/11/29,1
412,2006/11/30,1
413,2006/12/1,1
414,2006/12/4,1
415,2006/12/5,1
416,2006/12/6,1
417,2006/12/7,1
418,2006/12/8,1
419,2006/12/11,1
420,2006/12/12,1
421,2006/12/13,1
422,2006/12/14,1
423,2006/12/15,1
424,2006/12/18,1
425,2006/12/19,1
426,2006/12/20,1
427,2006/12/21,1
428,2006/12/22,1
429,2006/12/25,1
430,2006/12/26,1
431,2006/12/27,1
432,2006/12/28,1
433,2006/12/29,1
434,2007/1/4,1
435,2007/1/5,1
436,2007/1/8,1
437,2007/1/9,1
438,2007/1/10,1
439,2007/1/11,1
440,2007/1/12,1
441,2007/1/15,1
442,2007/1/16,1
443,2007/1/17,1
444,2007/1/18,1
445,2007/1/19,1
446,2007/1/22,1
447,2007/1/23,1
448,2007/1/24,1
449,2007/1/25,1
450,2007/1/26,1
451,2007/1/29,1
452,2007/1/30,1
453,2007/1/31,1
454,2007/2/1,1
455,2007/2/2,1
456,2007/2/5,1
457,2007/2/6,1
458,2007/2/7,1
459,2007/2/8,1
460,2007/2/9,1
461,2007/2/12,1
462,2007/2/13,1
463,2007/2/14,1
464,2007/2/15,1
465,2007/2/16,1
466,2007/2/26,1
467,2007/2/27,1
468,2007/2/28,1
469,2007/3/1,1
470,2007/3/2,1
471,2007/3/5,1
472,2007/3/6,1
473,2007/3/7,1
474,2007/3/8,1
475,2007/3/9,1
476,2007/3/12,1
477,2007/3/13,1
478,2007/3/14,1
479,2007/3/15,1
480,2007/3/16,1
481,2007/3/19,1
482,2007/3/20,1
483,2007/3/21,1
484,2007/3/22,1
485,2007/3/23,1
486,2007/3/26,1
487,2007/3/27,1
488,2007/3/28,1
489,2007/3/29,1
490,2007/3/30,1
491,2007/4/2,1
492,2007/4/3,1
493,2007/4/4,1
494,2007/4/5,1
495,2007/4/6,1
496,2007/4/9,1
497,2007/4/10,1
498,2007/4/11,1
499,2007/4/12,1
500,2007/4/13,1
501,2007/4/16,1
502,2007/4/17,1
503,2007/4/18,1
504,2007/4/19,1
505,2007/4/20,1
506,2007/4/23,1
507,2007/4/24,1
508,2007/4/25,1
509,2007/4/26,1
510,2007/4/27,1
511,2007/4/30,1
512,2007/5/8,1
513,2007/5/9,1
514,2007/5/10,1
515,2007/5/11,1
516,2007/5/14,1
517,2007/5/15,1
518,2007/5/16,1
519,2007/5/17,1
520,2007/5/18,1
521,2007/5/21,1
522,2007/5/22,1
523,2007/5/23,1
524,2007/5/24,1
525,2007/5/25,1
526,2007/5/28,1
527,2007/5/29,1
528,2007/5/30,1
529,2007/5/31,1
530,2007/6/1,1
531,2007/6/4,1
532,2007/6/5,1
533,2007/6/6,1
534,2007/6/7,1
535,2007/6/8,1
536,2007/6/11,1
537,2007/6/12,1
538,2007/6/13,1
539,2007/6/14,1
540,2007/6/15,1
541,2007/6/18,1
542,2007/6/19,1
543,2007/6/20,1
544,2007/6/21,1
545,2007/6/22,1
546,2007/6/25,1
547,2007/6/26,1
548,2007/6/27,1
549,2007/6/28,1
550,2007/6/29,1
551,2007/7/2,1
552,2007/7/3,1
553,2007/7/4,1
554,2007/7/5,1
555,2007/7/6,1
556,2007/7/9,1
557,2007/7/10,1
558,2007/7/11,1
559,2007/7/12,1
560,2007/7/13,1
561,2007/7/16,1
562,2007/7/17,1
563,2007/7/18,1
564,2007/7/19,1
565,2007/7/20,1
566,2007/7/23,1
567,2007/7/24,1
568,2007/7/25,1
569,2007/7/26,1
570,2007/7/27,1
571,2007/7/30,1
572,2007/7/31,1
573,2007/8/1,1
574,2007/8/2,1
575,2007/8/3,1
576,2007/8/6,1
577,2007/8/7,1
578,2007/8/8,1
579,2007/8/9,1
580,2007/8/10,1
581,2007/8/13,1
582,2007/8/14,1
583,2007/8/15,1
584,2007/8/16,1
585,2007/8/17,1
586,2007/8/20,1
587,2007/8/21,1
588,2007/8/22,1
589,2007/8/23,1
590,2007/8/24,1
591,2007/8/27,1
592,2007/8/28,1
593,2007/8/29,1
594,2007/8/30,1
595,2007/8/31,1
596,2007/9/3,1
597,2007/9/4,1
598,2007/9/5,1
599,2007/9/6,1
600,2007/9/7,1
601,2007/9/10,1
602,2007/9/11,1
603,2007/9/12,1
604,2007/9/13,1
605,2007/9/14,1
606,2007/9/17,1
607,2007/9/18,1
608,2007/9/19,1
609,2007/9/20,1
610,2007/9/21,1
611,2007/9/24,1
612,2007/9/25,1
613,2007/9/26,1
614,2007/9/27,1
615,2007/9/28,1
616,2007/10/8,1
617,2007/10/9,1
618,2007/10/10,1
619,2007/10/11,1
620,2007/10/12,1
621,2007/10/15,1
622,2007/10/16,1
623,2007/10/17,1
624,2007/10/18,1
625,2007/10/19,1
626,2007/10/22,1
627,2007/10/23,1
628,2007/10/24,1
629,2007/10/25,1
630,2007/10/26,1
631,2007/10/29,1
632,2007/10/30,1
633,2007/10/31,1
634,2007/11/1,1
635,2007/11/2,1
636,2007/11/5,1
637,2007/11/6,1
638,2007/11/7,1
639,2007/11/8,1
640,2007/11/9,1
641,2007/11/12,1
642,2007/11/13,1
643,2007/11/14,1
644,2007/11/15,1
645,2007/11/16,1
646,2007/11/19,1
647,2007/11/20,1
648,2007/11/21,1
649,2007/11/22,1
650,2007/11/23,1
651,2007/11/26,1
652,2007/11/27,1
653,2007/11/28,1
654,2007/11/29,1
655,2007/11/30,1
656,2007/12/3,1
657,2007/12/4,1
658,2007/12/5,1
659,2007/12/6,1
660,2007/12/7,1
661,2007/12/10,1
662,2007/12/11,1
663,2007/12/12,1
664,2007/12/13,1
665,2007/12/14,1
666,2007/12/17,1
667,2007/12/18,1
668,2007/12/19,1
669,2007/12/20,1
670,2007/12/21,1
671,2007/12/24,1
672,2007/12/25,1
673,2007/12/26,1
674,2007/12/27,1
675,2007/12/28,1
676,2008/1/2,1
677,2008/1/3,1
678,2008/1/4,1
679,2008/1/7,1
680,2008/1/8,1
681,2008/1/9,1
682,2008/1/10,1
683,2008/1/11,1
684,2008/1/14,1
685,2008/1/15,1
686,2008/1/16,1
687,2008/1/17,1
688,2008/1/18,1
689,2008/1/21,1
690,2008/1/22,1
691,2008/1/23,1
692,2008/1/24,1
693,2008/1/25,1
694,2008/1/28,1
695,2008/1/29,1
696,2008/1/30,1
697,2008/1/31,1
698,2008/2/1,1
699,2008/2/4,1
700,2008/2/5,1
701,2008/2/13,1
702,2008/2/14,1
703,2008/2/15,1
704,2008/2/18,1
705,2008/2/19,1
706,2008/2/20,1
707,2008/2/21,1
708,2008/2/22,1
709,2008/2/25,1
710,2008/2/26,1
711,2008/2/27,1
712,2008/2/28,1
713,2008/2/29,1
714,2008/3/3,1
715,2008/3/4,1
716,2008/3/5,1
717,2008/3/6,1
718,2008/3/7,1
719,2008/3/10,1
720,2008/3/11,1
721,2008/3/12,1
722,2008/3/13,1
723,2008/3/14,1
724,2008/3/17,1
725,2008/3/18,1
726,2008/3/19,1
727,2008/3/20,1
728,2008/3/21,1
729,2008/3/24,1
730,2008/3/25,1
731,2008/3/26,1
732,2008/3/27,1
733,2008/3/28,1
734,2008/3/31,1
735,2008/4/1,1
736,2008/4/2,1
737,2008/4/3,1
738,2008/4/7,1
739,2008/4/8,1
740,2008/4/9,1
741,2008/4/10,1
742,2008/4/11,1
743,2008/4/14,1
744,2008/4/15,1
745,2008/4/16,1
746,2008/4/17,1
747,2008/4/18,1
748,2008/4/21,1
749,2008/4/22,1
750,2008/4/23,1
751,2008/4/24,1
752,2008/4/25,1
753,2008/4/28,1
754,2008/4/29,1
755,2008/4/30,1
756,2008/5/5,1
757,2008/5/6,1
758,2008/5/7,1
759,2008/5/8,1
760,2008/5/9,1
761,2008/5/12,1
762,2008/5/13,1
763,2008/5/14,1
764,2008/5/15,1
765,2008/5/16,1
766,2008/5/19,1
767,2008/5/20,1
768,2008/5/21,1
769,2008/5/22,1
770,2008/5/23,1
771,2008/5/26,1
772,2008/5/27,1
773,2008/5/28,1
774,2008/5/29,1
775,2008/5/30,1
776,2008/6/2,1
777,2008/6/3,1
778,2008/6/4,1
779,2008/6/5,1
780,2008/6/6,1
781,2008/6/10,1
782,2008/6/11,1
783,2008/6/12,1
784,2008/6/13,1
785,2008/6/16,1
786,2008/6/17,1
787,2008/6/18,1
788,2008/6/19,1
789,2008/6/20,1
790,2008/6/23,1
791,2008/6/24,1
792,2008/6/25,1
793,2008/6/26,1
794,2008/6/27,1
795,2008/6/30,1
796,2008/7/1,1
797,2008/7/2,1
798,2008/7/3,1
799,2008/7/4,1
800,2008/7/7,1
801,2008/7/8,1
802,2008/7/9,1
803,2008/7/10,1
804,2008/7/11,1
805,2008/7/14,1
806,2008/7/15,1
807,2008/7/16,1
808,2008/7/17,1
809,2008/7/18,1
810,2008/7/21,1
811,2008/7/22,1
812,2008/7/23,1
813,2008/7/24,1
814,2008/7/25,1
815,2008/7/28,1
816,2008/7/29,1
817,2008/7/30,1
818,2008/7/31,1
819,2008/8/1,0
820,2008/8/4,0
821,2008/8/5,0
822,2008/8/6,1
823,2008/8/7,1
824,2008/8/8,1
825,2008/8/11,1
826,2008/8/12,1
827,2008/8/13,1
828,2008/8/14,1
829,2008/8/15,1
830,2008/8/18,1
831,2008/8/19,1
832,2008/8/20,1
833,2008/8/21,1
834,2008/8/22,1
835,2008/8/25,1
836,2008/8/26,1
837,2008/8/27,1
838,2008/8/28,1
839,2008/8/29,1
840,2008/9/1,1
841,2008/9/2,1
842,2008/9/3,1
843,2008/9/4,1
844,2008/9/5,1
845,2008/9/8,1
846,2008/9/9,1
847,2008/9/10,1
848,2008/9/11,1
849,2008/9/12,1
850,2008/9/16,1
851,2008/9/17,1
852,2008/9/18,1
853,2008/9/19,1
854,2008/9/22,1
855,2008/9/23,1
856,2008/9/24,1
857,2008/9/25,1
858,2008/9/26,1
859,2008/10/6,1
860,2008/10/7,1
861,2008/10/8,1
862,2008/10/9,1
863,2008/10/10,1
864,2008/10/13,1
865,2008/10/14,1
866,2008/10/15,1
867,2008/10/16,1
868,2008/10/17,1
869,2008/10/20,1
870,2008/10/21,0
871,2008/10/22,0
872,2008/10/23,0
873,2008/10/24,0
874,2008/10/27,0
875,2008/10/28,0
876,2008/10/29,0
877,2008/10/30,0
878,2008/10/31,0
879,2008/11/3,0
880,2008/11/4,0
881,2008/11/5,0
882,2008/11/6,0
883,2008/11/7,1
884,2008/11/10,1
885,2008/11/11,1
886,2008/11/12,1
887,2008/11/13,1
888,2008/11/14,1
889,2008/11/17,1
890,2008/11/18,1
891,2008/11/19,1
892,2008/11/20,1
893,2008/11/21,1
894,2008/11/24,1
895,2008/11/25,1
896,2008/11/26,1
897,2008/11/27,1
898,2008/11/28,1
899,2008/12/1,1
900,2008/12/2,1
901,2008/12/3,1
902,2008/12/4,1
903,2008/12/5,1
904,2008/12/8,1
905,2008/12/9,1
906,2008/12/10,1
907,2008/12/11,1
908,2008/12/12,1
909,2008/12/15,1
910,2008/12/16,1
911,2008/12/17,1
912,2008/12/18,1
913,2008/12/19,1
914,2008/12/22,1
915,2008/12/23,1
916,2008/12/24,1
917,2008/12/25,1
918,2008/12/26,1
919,2008/12/29,1
920,2008/12/30,1
921,2008/12/31,1
922,2009/1/5,1
923,2009/1/6,1
924,2009/1/7,1
925,2009/1/8,1
926,2009/1/9,1
927,2009/1/12,1
928,2009/1/13,1
929,2009/1/14,1
930,2009/1/15,1
931,2009/1/16,1
932,2009/1/19,1
933,2009/1/20,1
934,2009/1/21,1
935,2009/1/22,1
936,2009/1/23,1
937,2009/2/2,1
938,2009/2/3,1
939,2009/2/4,1
940,2009/2/5,1
941,2009/2/6,1
942,2009/2/9,1
943,2009/2/10,1
944,2009/2/11,1
945,2009/2/12,1
946,2009/2/13,1
947,2009/2/16,1
948,2009/2/17,1
949,2009/2/18,1
950,2009/2/19,1
951,2009/2/20,1
952,2009/2/23,1
953,2009/2/24,1
954,2009/2/25,1
955,2009/2/26,1
956,2009/2/27,1
957,2009/3/2,1
958,2009/3/3,1
959,2009/3/4,1
960,2009/3/5,1
961,2009/3/6,1
962,2009/3/9,1
963,2009/3/10,1
964,2009/3/11,1
965,2009/3/12,1
966,2009/3/13,1
967,2009/3/16,1
968,2009/3/17,1
969,2009/3/18,1
970,2009/3/19,1
971,2009/3/20,1
972,2009/3/23,1
973,2009/3/24,1
974,2009/3/25,1
975,2009/3/26,1
976,2009/3/27,1
977,2009/3/30,1
978,2009/3/31,1
979,2009/4/1,1
980,2009/4/2,1
981,2009/4/3,1
982,2009/4/7,1
983,2009/4/8,1
984,2009/4/9,1
985,2009/4/10,1
986,2009/4/13,1
987,2009/4/14,1
988,2009/4/15,1
989,2009/4/16,1
990,2009/4/17,1
991,2009/4/20,1
992,2009/4/21,1
993,2009/4/22,1
994,2009/4/23,1
995,2009/4/24,1
996,2009/4/27,1
997,2009/4/28,1
998,2009/4/29,1
999,2009/4/30,1
1000,2009/5/4,1
1001,2009/5/5,1
1002,2009/5/6,1
1003,2009/5/7,1
1004,2009/5/8,1
1005,2009/5/11,1
1006,2009/5/12,1
1007,2009/5/13,1
1008,2009/5/14,1
1009,2009/5/15,1
1010,2009/5/18,1
1011,2009/5/19,1
1012,2009/5/20,1
1013,2009/5/21,1
1014,2009/5/22,1
1015,2009/5/25,1
1016,2009/5/26,1
1017,2009/5/27,1
1018,2009/6/1,1
1019,2009/6/2,1
1020,2009/6/3,1
1021,2009/6/4,1
1022,2009/6/5,1
1023,2009/6/8,1
1024,2009/6/9,1
1025,2009/6/10,1
1026,2009/6/11,1
1027,2009/6/12,1
1028,2009/6/15,1
1029,2009/6/16,1
1030,2009/6/17,1
1031,2009/6/18,1
1032,2009/6/19,1
1033,2009/6/22,1
1034,2009/6/23,1
1035,2009/6/24,1
1036,2009/6/25,1
1037,2009/6/26,1
1038,2009/6/29,1
1039,2009/6/30,1
1040,2009/7/1,1
1041,2009/7/2,1
1042,2009/7/3,1
1043,2009/7/6,1
1044,2009/7/7,1
1045,2009/7/8,1
1046,2009/7/9,1
1047,2009/7/10,1
1048,2009/7/13,1
1049,2009/7/14,1
1050,2009/7/15,1
1051,2009/7/16,1
1052,2009/7/17,1
1053,2009/7/20,1
1054,2009/7/21,1
1055,2009/7/22,1
1056,2009/7/23,1
1057,2009/7/24,1
1058,2009/7/27,1
1059,2009/7/28,1
1060,2009/7/29,1
1061,2009/7/30,1
1062,2009/7/31,1
1063,2009/8/3,1
1064,2009/8/4,1
1065,2009/8/5,1
1066,2009/8/6,1
1067,2009/8/7,1
1068,2009/8/10,1
1069,2009/8/11,1
1070,2009/8/12,1
1071,2009/8/13,1
1072,2009/8/14,1
1073,2009/8/17,1
1074,2009/8/18,1
1075,2009/8/19,1
1076,2009/8/20,1
1077,2009/8/21,1
1078,2009/8/24,1
1079,2009/8/25,1
1080,2009/8/26,1
1081,2009/8/27,1
1082,2009/8/28,1
1083,2009/8/31,1
1084,2009/9/1,1
1085,2009/9/2,1
1086,2009/9/3,1
1087,2009/9/4,1
1088,2009/9/7,1
1089,2009/9/8,1
1090,2009/9/9,1
1091,2009/9/10,1
1092,2009/9/11,1
1093,2009/9/14,1
1094,2009/9/15,1
1095,2009/9/16,1
1096,2009/9/17,1
1097,2009/9/18,1
1098,2009/9/21,1
1099,2009/9/22,1
1100,2009/9/23,1
1101,2009/9/24,1
1102,2009/9/25,1
1103,2009/9/28,1
1104,2009/9/29,1
1105,2009/9/30,1
1106,2009/10/9,1
1107,2009/10/12,1
1108,2009/10/13,1
1109,2009/10/14,1
1110,2009/10/15,1
1111,2009/10/16,1
1112,2009/10/19,1
1113,2009/10/20,1
1114,2009/10/21,1
1115,2009/10/22,1
1116,2009/10/23,1
1117,2009/10/26,1
1118,2009/10/27,1
1119,2009/10/28,1
1120,2009/10/29,1
1121,2009/10/30,1
1122,2009/11/2,1
1123,2009/11/3,1
1124,2009/11/4,1
1125,2009/11/5,1
1126,2009/11/6,1
1127,2009/11/9,1
1128,2009/11/10,1
1129,2009/11/11,1
1130,2009/11/12,1
1131,2009/11/13,1
1132,2009/11/16,1
1133,2009/11/17,1
1134,2009/11/18,1
1135,2009/11/19,1
1136,2009/11/20,1
1137,2009/11/23,1
1138,2009/11/24,1
1139,2009/11/25,1
1140,2009/11/26,1
1141,2009/11/27,1
1142,2009/11/30,1
1143,2009/12/1,1
1144,2009/12/2,1
1145,2009/12/3,1
1146,2009/12/4,1
1147,2009/12/7,1
1148,2009/12/8,1
1149,2009/12/9,1
1150,2009/12/10,1
1151,2009/12/11,1
1152,2009/12/14,1
1153,2009/12/15,1
1154,2009/12/16,1
1155,2009/12/17,1
1156,2009/12/18,1
1157,2009/12/21,1
1158,2009/12/22,1
1159,2009/12/23,1
1160,2009/12/24,1
1161,2009/12/25,1
1162,2009/12/28,1
1163,2009/12/29,1
1164,2009/12/30,1
1165,2009/12/31,1
1166,2010/1/4,1
1167,2010/1/5,1
1168,2010/1/6,1
1169,2010/1/7,1
1170,2010/1/8,1
1171,2010/1/11,1
1172,2010/1/12,1
1173,2010/1/13,1
1174,2010/1/14,1
1175,2010/1/15,1
1176,2010/1/18,1
1177,2010/1/19,1
1178,2010/1/20,1
1179,2010/1/21,1
1180,2010/1/22,1
1181,2010/1/25,1
1182,2010/1/26,1
1183,2010/1/27,1
1184,2010/1/28,1
1185,2010/1/29,1
1186,2010/2/1,1
1187,2010/2/2,1
1188,2010/2/3,1
1189,2010/2/4,1
1190,2010/2/5,1
1191,2010/2/8,1
1192,2010/2/9,1
1193,2010/2/10,1
1194,2010/2/11,1
1195,2010/2/12,1
1196,2010/2/22,1
1197,2010/2/23,1
1198,2010/2/24,1
1199,2010/2/25,1
1200,2010/2/26,1
1201,2010/3/1,1
1202,2010/3/2,1
1203,2010/3/3,1
1204,2010/3/4,1
1205,2010/3/5,1
1206,2010/3/8,1
1207,2010/3/9,1
1208,2010/3/10,1
1209,2010/3/11,1
1210,2010/3/12,1
1211,2010/3/15,1
1212,2010/3/16,1
1213,2010/3/17,1
1214,2010/3/18,1
1215,2010/3/19,1
1216,2010/3/22,1
1217,2010/3/23,1
1218,2010/3/24,1
1219,2010/3/25,1
1220,2010/3/26,1
1221,2010/3/29,1
1222,2010/3/30,1
1223,2010/3/31,1
1224,2010/4/1,1
1225,2010/4/2,1
1226,2010/4/6,1
1227,2010/4/7,1
1228,2010/4/8,1
1229,2010/4/9,1
1230,2010/4/12,1
1231,2010/4/13,1
1232,2010/4/14,1
1233,2010/4/15,1
1234,2010/4/16,1
1235,2010/4/19,1
1236,2010/4/20,1
1237,2010/4/21,1
1238,2010/4/22,1
1239,2010/4/23,1
1240,2010/4/26,1
1241,2010/4/27,1
1242,2010/4/28,1
1243,2010/4/29,1
1244,2010/4/30,1
1245,2010/5/4,1
1246,2010/5/5,1
1247,2010/5/6,1
1248,2010/5/7,1
1249,2010/5/10,1
1250,2010/5/11,1
1251,2010/5/12,1
1252,2010/5/13,1
1253,2010/5/14,1
1254,2010/5/17,1
1255,2010/5/18,1
1256,2010/5/19,1
1257,2010/5/20,1
1258,2010/5/21,1
1259,2010/5/24,1
1260,2010/5/25,1
1261,2010/5/26,1
1262,2010/5/27,1
1263,2010/5/28,1
1264,2010/5/31,1
1265,2010/6/1,1
1266,2010/6/2,1
1267,2010/6/3,1
1268,2010/6/4,1
1269,2010/6/7,1
1270,2010/6/8,1
1271,2010/6/9,1
1272,2010/6/10,1
1273,2010/6/11,1
1274,2010/6/17,1
1275,2010/6/18,1
1276,2010/6/21,1
1277,2010/6/22,1
1278,2010/6/23,1
1279,2010/6/24,1
1280,2010/6/25,1
1281,2010/6/28,1
1282,2010/6/29,1
1283,2010/6/30,1
1284,2010/7/1,1
1285,2010/7/2,1
1286,2010/7/5,1
1287,2010/7/6,1
1288,2010/7/7,1
1289,2010/7/8,1
1290,2010/7/9,1
1291,2010/7/12,1
1292,2010/7/13,1
1293,2010/7/14,1
1294,2010/7/15,1
1295,2010/7/16,1
1296,2010/7/19,1
1297,2010/7/20,1
1298,2010/7/21,1
1299,2010/7/22,1
1300,2010/7/23,1
1301,2010/7/26,1
1302,2010/7/27,1
1303,2010/7/28,1
1304,2010/7/29,1
1305,2010/7/30,1
1306,2010/8/2,1
1307,2010/8/3,1
1308,2010/8/4,1
1309,2010/8/5,1
1310,2010/8/6,1
1311,2010/8/9,1
1312,2010/8/10,1
1313,2010/8/11,1
1314,2010/8/12,1
1315,2010/8/13,1
1316,2010/8/16,1
1317,2010/8/17,1
1318,2010/8/18,1
1319,2010/8/19,1
1320,2010/8/20,1
1321,2010/8/23,1
1322,2010/8/24,1
1323,2010/8/25,1
1324,2010/8/26,1
1325,2010/8/27,1
1326,2010/8/30,1
1327,2010/8/31,1
1328,2010/9/1,1
1329,2010/9/2,1
1330,2010/9/3,1
1331,2010/9/6,1
1332,2010/9/7,1
1333,2010/9/8,1
1334,2010/9/9,1
1335,2010/9/10,1
1336,2010/9/13,1
1337,2010/9/14,1
1338,2010/9/15,1
1339,2010/9/16,1
1340,2010/9/17,1
1341,2010/9/20,1
1342,2010/9/21,1
1343,2010/9/27,1
1344,2010/9/28,1
1345,2010/9/29,1
1346,2010/9/30,1
1347,2010/10/8,1
1348,2010/10/11,1
1349,2010/10/12,1
1350,2010/10/13,1
1351,2010/10/14,1
1352,2010/10/15,1
1353,2010/10/18,1
1354,2010/10/19,1
1355,2010/10/20,1
1356,2010/10/21,1
1357,2010/10/22,1
1358,2010/10/25,1
1359,2010/10/26,1
1360,2010/10/27,1
1361,2010/10/28,1
1362,2010/10/29,1
1363,2010/11/1,1
1364,2010/11/2,1
1365,2010/11/3,1
1366,2010/11/4,1
1367,2010/11/5,1
1368,2010/11/8,1
1369,2010/11/9,1
1370,2010/11/10,1
1371,2010/11/11,1
1372,2010/11/12,1
1373,2010/11/15,1
1374,2010/11/16,1
1375,2010/11/17,1
1376,2010/11/18,1
1377,2010/11/19,1
1378,2010/11/22,1
1379,2010/11/23,1
1380,2010/11/24,1
1381,2010/11/25,1
1382,2010/11/26,1
1383,2010/11/29,1
1384,2010/11/30,1
1385,2010/12/1,1
1386,2010/12/2,1
1387,2010/12/3,1
1388,2010/12/6,1
1389,2010/12/7,1
1390,2010/12/8,1
1391,2010/12/9,1
1392,2010/12/10,1
1393,2010/12/13,1
1394,2010/12/14,1
1395,2010/12/15,1
1396,2010/12/16,1
1397,2010/12/17,1
1398,2010/12/20,1
1399,2010/12/21,1
1400,2010/12/22,1
1401,2010/12/23,1
1402,2010/12/24,1
1403,2010/12/27,1
1404,2010/12/28,1
1405,2010/12/29,1
1406,2010/12/30,1
1407,2010/12/31,1
1408,2011/1/4,1
1409,2011/1/5,1
1410,2011/1/6,1
1411,2011/1/7,1
1412,2011/1/10,1
1413,2011/1/11,1
1414,2011/1/12,1
1415,2011/1/13,1
1416,2011/1/14,1
1417,2011/1/17,1
1418,2011/1/18,1
1419,2011/1/19,1
1420,2011/1/20,1
1421,2011/1/21,1
1422,2011/1/24,1
1423,2011/1/25,1
1424,2011/1/26,1
1425,2011/1/27,1
1426,2011/1/28,1
1427,2011/1/31,1
1428,2011/2/1,1
1429,2011/2/9,1
1430,2011/2/10,1
1431,2011/2/11,1
1432,2011/2/14,1
1433,2011/2/15,1
1434,2011/2/16,1
1435,2011/2/17,1
1436,2011/2/18,1
1437,2011/2/21,1
1438,2011/2/22,1
1439,2011/2/23,1
1440,2011/2/24,1
1441,2011/2/25,1
1442,2011/2/28,1
1443,2011/3/1,1
1444,2011/3/2,1
1445,2011/3/3,1
1446,2011/3/4,1
1447,2011/3/7,1
1448,2011/3/8,1
1449,2011/3/9,1
1450,2011/3/10,1
1451,2011/3/11,1
1452,2011/3/14,1
1453,2011/3/15,1
1454,2011/3/16,1
1455,2011/3/17,1
1456,2011/3/18,1
1457,2011/3/21,1
1458,2011/3/22,1
1459,2011/3/23,1
1460,2011/3/24,1
1461,2011/3/25,1
1462,2011/3/28,1
1463,2011/3/29,1
1464,2011/3/30,1
1465,2011/3/31,1
1466,2011/4/1,1
1467,2011/4/6,1
1468,2011/4/7,1
1469,2011/4/8,1
1470,2011/4/11,1
1471,2011/4/12,1
1472,2011/4/13,1
1473,2011/4/14,1
1474,2011/4/15,1
1475,2011/4/18,1
1476,2011/4/19,1
1477,2011/4/20,1
1478,2011/4/21,1
1479,2011/4/22,1
1480,2011/4/25,1
1481,2011/4/26,1
1482,2011/4/27,1
1483,2011/4/28,1
1484,2011/4/29,1
1485,2011/5/3,1
1486,2011/5/4,1
1487,2011/5/5,1
1488,2011/5/6,1
1489,2011/5/9,1
1490,2011/5/10,1
1491,2011/5/11,1
1492,2011/5/12,1
1493,2011/5/13,1
1494,2011/5/16,1
1495,2011/5/17,1
1496,2011/5/18,1
1497,2011/5/19,1
1498,2011/5/20,1
1499,2011/5/23,1
1500,2011/5/24,1
1501,2011/5/25,1
1502,2011/5/26,1
1503,2011/5/27,1
1504,2011/5/30,1
1505,2011/5/31,1
1506,2011/6/1,1
1507,2011/6/2,1
1508,2011/6/3,1
1509,2011/6/7,1
1510,2011/6/8,1
1511,2011/6/9,1
1512,2011/6/10,1
1513,2011/6/13,1
1514,2011/6/14,1
1515,2011/6/15,1
1516,2011/6/16,1
1517,2011/6/17,1
1518,2011/6/20,1
1519,2011/6/21,1
1520,2011/6/22,1
1521,2011/6/23,1
1522,2011/6/24,1
1523,2011/6/27,1
1524,2011/6/28,1
1525,2011/6/29,1
1526,2011/6/30,1
1527,2011/7/1,1
1528,2011/7/4,1
1529,2011/7/5,1
1530,2011/7/6,1
1531,2011/7/7,1
1532,2011/7/8,1
1533,2011/7/11,1
1534,2011/7/12,1
1535,2011/7/13,1
1536,2011/7/14,1
1537,2011/7/15,1
1538,2011/7/18,1
1539,2011/7/19,1
1540,2011/7/20,1
1541,2011/7/21,1
1542,2011/7/22,1
1543,2011/7/25,1
1544,2011/7/26,1
1545,2011/7/27,1
1546,2011/7/28,1
1547,2011/7/29,1
1548,2011/8/1,1
1549,2011/8/2,1
1550,2011/8/3,1
1551,2011/8/4,1
1552,2011/8/5,1
1553,2011/8/8,1
1554,2011/8/9,1
1555,2011/8/10,1
1556,2011/8/11,1
1557,2011/8/12,1
1558,2011/8/15,1
1559,2011/8/16,1
1560,2011/8/17,1
1561,2011/8/18,1
1562,2011/8/19,1
1563,2011/8/22,1
1564,2011/8/23,1
1565,2011/8/24,1
1566,2011/8/25,1
1567,2011/8/26,1
1568,2011/8/29,1
1569,2011/8/30,1
1570,2011/8/31,1
1571,2011/9/1,1
1572,2011/9/2,1
1573,2011/9/5,1
1574,2011/9/6,1
1575,2011/9/7,1
1576,2011/9/8,1
1577,2011/9/9,1
1578,2011/9/13,1
1579,2011/9/14,1
1580,2011/9/15,1
1581,2011/9/16,1
1582,2011/9/19,1
1583,2011/9/20,1
1584,2011/9/21,1
1585,2011/9/22,1
1586,2011/9/23,1
1587,2011/9/26,1
1588,2011/9/27,1
1589,2011/9/28,1
1590,2011/9/29,1
1591,2011/9/30,1
1592,2011/10/10,1
1593,2011/10/11,1
1594,2011/10/12,1
1595,2011/10/13,1
1596,2011/10/14,1
1597,2011/10/17,1
1598,2011/10/18,1
1599,2011/10/19,1
1600,2011/10/20,1
1601,2011/10/21,1
1602,2011/10/24,1
1603,2011/10/25,1
1604,2011/10/26,1
1605,2011/10/27,1
1606,2011/10/28,1
1607,2011/10/31,1
1608,2011/11/1,1
1609,2011/11/2,1
1610,2011/11/3,1
1611,2011/11/4,1
1612,2011/11/7,1
1613,2011/11/8,1
1614,2011/11/9,1
1615,2011/11/10,1
1616,2011/11/11,1
1617,2011/11/14,1
1618,2011/11/15,1
1619,2011/11/16,1
1620,2011/11/17,1
1621,2011/11/18,1
1622,2011/11/21,1
1623,2011/11/22,1
1624,2011/11/23,1
1625,2011/11/24,1
1626,2011/11/25,1
1627,2011/11/28,1
1628,2011/11/29,1
1629,2011/11/30,1
1630,2011/12/1,1
1631,2011/12/2,1
1632,2011/12/5,1
1633,2011/12/6,1
1634,2011/12/7,1
1635,2011/12/8,1
1636,2011/12/9,1
1637,2011/12/12,1
1638,2011/12/13,1
1639,2011/12/14,1
1640,2011/12/15,1
1641,2011/12/16,1
1642,2011/12/19,1
1643,2011/12/20,1
1644,2011/12/21,1
1645,2011/12/22,1
1646,2011/12/23,1
1647,2011/12/26,1
1648,2011/12/27,1
1649,2011/12/28,1
1650,2011/12/29,1
1651,2011/12/30,1
1652,2012/1/4,1
1653,2012/1/5,1
1654,2012/1/6,1
1655,2012/1/9,1
1656,2012/1/10,1
1657,2012/1/11,1
1658,2012/1/12,1
1659,2012/1/13,1
1660,2012/1/16,1
1661,2012/1/17,1
1662,2012/1/18,1
1663,2012/1/19,1
1664,2012/1/20,1
1665,2012/1/30,1
1666,2012/1/31,1
1667,2012/2/1,1
1668,2012/2/2,1
1669,2012/2/3,1
1670,2012/2/6,1
1671,2012/2/7,1
1672,2012/2/8,1
1673,2012/2/9,1
1674,2012/2/10,1
1675,2012/2/13,1
1676,2012/2/14,1
1677,2012/2/15,1
1678,2012/2/16,1
1679,2012/2/17,1
1680,2012/2/20,1
1681,2012/2/21,1
1682,2012/2/22,1
1683,2012/2/23,1
1684,2012/2/24,1
1685,2012/2/27,1
1686,2012/2/28,1
1687,2012/2/29,1
1688,2012/3/1,1
1689,2012/3/2,1
1690,2012/3/5,1
1691,2012/3/6,1
1692,2012/3/7,1
1693,2012/3/8,1
1694,2012/3/9,1
1695,2012/3/12,1
1696,2012/3/13,1
1697,2012/3/14,1
1698,2012/3/15,1
1699,2012/3/16,1
1700,2012/3/19,1
1701,2012/3/20,1
1702,2012/3/21,1
1703,2012/3/22,1
1704,2012/3/23,1
1705,2012/3/26,1
1706,2012/3/27,1
1707,2012/3/28,1
1708,2012/3/29,1
1709,2012/3/30,1
1710,2012/4/5,1
1711,2012/4/6,1
1712,2012/4/9,1
1713,2012/4/10,1
1714,2012/4/11,1
1715,2012/4/12,1
1716,2012/4/13,1
1717,2012/4/16,1
1718,2012/4/17,1
1719,2012/4/18,1
1720,2012/4/19,1
1721,2012/4/20,1
1722,2012/4/23,1
1723,2012/4/24,1
1724,2012/4/25,1
1725,2012/4/26,1
1726,2012/4/27,1
1727,2012/5/2,1
1728,2012/5/3,1
1729,2012/5/4,1
1730,2012/5/7,1
1731,2012/5/8,1
1732,2012/5/9,1
1733,2012/5/10,1
1734,2012/5/11,1
1735,2012/5/14,1
1736,2012/5/15,1
1737,2012/5/16,1
1738,2012/5/17,1
1739,2012/5/18,1
1740,2012/5/21,1
1741,2012/5/22,1
1742,2012/5/23,1
1743,2012/5/24,1
1744,2012/5/25,1
1745,2012/5/28,1
1746,2012/5/29,1
1747,2012/5/30,1
1748,2012/5/31,1
1749,2012/6/1,1
1750,2012/6/4,1
1751,2012/6/5,1
1752,2012/6/6,1
1753,2012/6/7,1
1754,2012/6/8,1
1755,2012/6/11,1
1756,2012/6/12,1
1757,2012/6/13,1
1758,2012/6/14,1
1759,2012/6/15,1
1760,2012/6/18,1
1761,2012/6/19,1
1762,2012/6/20,1
1763,2012/6/21,1
1764,2012/6/25,1
1765,2012/6/26,1
1766,2012/6/27,1
1767,2012/6/28,1
1768,2012/6/29,1
1769,2012/7/2,1
1770,2012/7/3,1
1771,2012/7/4,1
1772,2012/7/5,1
1773,2012/7/6,1
1774,2012/7/9,1
1775,2012/7/10,1
1776,2012/7/11,1
1777,2012/7/12,1
1778,2012/7/13,1
1779,2012/7/16,1
1780,2012/7/17,1
1781,2012/7/18,1
1782,2012/7/19,1
1783,2012/7/20,1
1784,2012/7/23,1
1785,2012/7/24,1
1786,2012/7/25,1
1787,2012/7/26,1
1788,2012/7/27,1
1789,2012/7/30,1
1790,2012/7/31,1
1791,2012/8/1,1
1792,2012/8/2,1
1793,2012/8/3,1
1794,2012/8/6,1
1795,2012/8/7,1
1796,2012/8/8,1
1797,2012/8/9,1
1798,2012/8/10,1
1799,2012/8/13,1
1800,2012/8/14,1
1801,2012/8/15,1
1802,2012/8/16,1
1803,2012/8/17,1
1804,2012/8/20,1
1805,2012/8/21,1
1806,2012/8/22,1
1807,2012/8/23,1
1808,2012/8/24,1
1809,2012/8/27,1
1810,2012/8/28,1
1811,2012/8/29,1
1812,2012/8/30,1
1813,2012/8/31,1
1814,2012/9/3,1
1815,2012/9/4,1
1816,2012/9/5,1
1817,2012/9/6,1
1818,2012/9/7,1
1819,2012/9/10,1
1820,2012/9/11,1
1821,2012/9/12,1
1822,2012/9/13,1
1823,2012/9/14,1
1824,2012/9/17,1
1825,2012/9/18,1
1826,2012/9/19,1
1827,2012/9/20,1
1828,2012/9/21,1
1829,2012/9/24,1
1830,2012/9/25,1
1831,2012/9/26,1
1832,2012/9/27,1
1833,2012/9/28,1
1834,2012/10/8,1
1835,2012/10/9,1
1836,2012/10/10,1
1837,2012/10/11,1
1838,2012/10/12,1
1839,2012/10/15,1
1840,2012/10/16,1
1841,2012/10/17,1
1842,2012/10/18,1
1843,2012/10/19,1
1844,2012/10/22,1
1845,2012/10/23,1
1846,2012/10/24,1
1847,2012/10/25,1
1848,2012/10/26,1
1849,2012/10/29,1
1850,2012/10/30,1
1851,2012/10/31,1
1852,2012/11/1,1
1853,2012/11/2,1
1854,2012/11/5,1
1855,2012/11/6,1
1856,2012/11/7,1
1857,2012/11/8,1
1858,2012/11/9,1
1859,2012/11/12,1
1860,2012/11/13,1
1861,2012/11/14,1
1862,2012/11/15,1
1863,2012/11/16,1
1864,2012/11/19,1
1865,2012/11/20,1
1866,2012/11/21,1
1867,2012/11/22,1
1868,2012/11/23,1
1869,2012/11/26,1
1870,2012/11/27,1
1871,2012/11/28,1
1872,2012/11/29,1
1873,2012/11/30,1
1874,2012/12/3,1
1875,2012/12/4,1
1876,2012/12/5,1
1877,2012/12/6,1
1878,2012/12/7,1
1879,2012/12/10,1
1880,2012/12/11,1
1881,2012/12/12,1
1882,2012/12/13,1
1883,2012/12/14,1
1884,2012/12/17,1
1885,2012/12/18,1
1886,2012/12/19,1
1887,2012/12/20,1
1888,2012/12/21,1
1889,2012/12/24,1
1890,2012/12/25,1
1891,2012/12/26,1
1892,2012/12/27,1
1893,2012/12/28,1
1894,2012/12/31,1
1895,2013/1/4,1
1896,2013/1/7,1
1897,2013/1/8,1
1898,2013/1/9,1
1899,2013/1/10,1
1900,2013/1/11,1
1901,2013/1/14,1
1902,2013/1/15,1
1903,2013/1/16,1
1904,2013/1/17,1
1905,2013/1/18,1
1906,2013/1/21,1
1907,2013/1/22,1
1908,2013/1/23,1
1909,2013/1/24,1
1910,2013/1/25,1
1911,2013/1/28,1
1912,2013/1/29,1
1913,2013/1/30,1
1914,2013/1/31,1
1915,2013/2/1,1
1916,2013/2/4,1
1917,2013/2/5,1
1918,2013/2/6,1
1919,2013/2/7,1
1920,2013/2/8,1
1921,2013/2/18,1
1922,2013/2/19,1
1923,2013/2/20,1
1924,2013/2/21,1
1925,2013/2/22,1
1926,2013/2/25,1
1927,2013/2/26,1
1928,2013/2/27,1
1929,2013/2/28,1
1930,2013/3/1,1
1931,2013/3/4,1
1932,2013/3/5,1
1933,2013/3/6,1
1934,2013/3/7,1
1935,2013/3/8,1
1936,2013/3/11,1
1937,2013/3/12,1
1938,2013/3/13,1
1939,2013/3/14,1
1940,2013/3/15,1
1941,2013/3/18,1
1942,2013/3/19,1
1943,2013/3/20,1
1944,2013/3/21,1
1945,2013/3/22,1
1946,2013/3/25,1
1947,2013/3/26,1
1948,2013/3/27,1
1949,2013/3/28,1
1950,2013/3/29,1
1951,2013/4/1,1
1952,2013/4/2,1
1953,2013/4/3,1
1954,2013/4/8,1
1955,2013/4/9,1
1956,2013/4/10,1
1957,2013/4/11,1
1958,2013/4/12,1
1959,2013/4/15,1
1960,2013/4/16,1
1961,2013/4/17,1
1962,2013/4/18,1
1963,2013/4/19,1
1964,2013/4/22,1
1965,2013/4/23,1
1966,2013/4/24,1
1967,2013/4/25,1
1968,2013/4/26,1
1969,2013/5/2,1
1970,2013/5/3,1
1971,2013/5/6,1
1972,2013/5/7,1
1973,2013/5/8,1
1974,2013/5/9,1
1975,2013/5/10,1
1976,2013/5/13,1
1977,2013/5/14,1
1978,2013/5/15,1
1979,2013/5/16,1
1980,2013/5/17,1
1981,2013/5/20,1
1982,2013/5/21,1
1983,2013/5/22,1
1984,2013/5/23,1
1985,2013/5/24,1
1986,2013/5/27,1
1987,2013/5/28,1
1988,2013/5/29,1
1989,2013/5/30,1
1990,2013/5/31,1
1991,2013/6/3,1
1992,2013/6/4,1
1993,2013/6/5,1
1994,2013/6/6,1
1995,2013/6/7,1
1996,2013/6/13,1
1997,2013/6/14,1
1998,2013/6/17,1
1999,2013/6/18,1
2000,2013/6/19,1
2001,2013/6/20,1
2002,2013/6/21,1
2003,2013/6/24,1
2004,2013/6/25,1
2005,2013/6/26,1
2006,2013/6/27,1
2007,2013/6/28,1
2008,2013/7/1,1
2009,2013/7/2,1
2010,2013/7/3,1
2011,2013/7/4,1
2012,2013/7/5,1
2013,2013/7/8,1
2014,2013/7/9,1
2015,2013/7/10,1
2016,2013/7/11,1
2017,2013/7/12,1
2018,2013/7/15,1
2019,2013/7/16,1
2020,2013/7/17,1
2021,2013/7/18,1
2022,2013/7/19,1
2023,2013/7/22,1
2024,2013/7/23,1
2025,2013/7/24,1
2026,2013/7/25,1
2027,2013/7/26,1
2028,2013/7/29,1
2029,2013/7/30,1
2030,2013/7/31,1
2031,2013/8/1,1
2032,2013/8/2,1
2033,2013/8/5,1
2034,2013/8/6,1
2035,2013/8/7,1
2036,2013/8/8,1
2037,2013/8/9,1
2038,2013/8/12,1
2039,2013/8/13,1
2040,2013/8/14,1
2041,2013/8/15,1
2042,2013/8/16,1
2043,2013/8/19,1
2044,2013/8/20,1
2045,2013/8/21,1
2046,2013/8/22,1
2047,2013/8/23,1
2048,2013/8/26,1
2049,2013/8/27,1
2050,2013/8/28,1
2051,2013/8/29,1
2052,2013/8/30,1
2053,2013/9/2,1
2054,2013/9/3,1
2055,2013/9/4,1
2056,2013/9/5,1
2057,2013/9/6,1
2058,2013/9/9,1
2059,2013/9/10,1
2060,2013/9/11,1
2061,2013/9/12,1
2062,2013/9/13,1
2063,2013/9/16,1
2064,2013/9/17,1
2065,2013/9/18,1
2066,2013/9/23,1
2067,2013/9/24,1
2068,2013/9/25,1
2069,2013/9/26,1
2070,2013/9/27,1
2071,2013/9/30,1
2072,2013/10/8,1
2073,2013/10/9,1
2074,2013/10/10,1
2075,2013/10/11,1
2076,2013/10/14,1
2077,2013/10/15,1
2078,2013/10/16,1
2079,2013/10/17,1
2080,2013/10/18,1
2081,2013/10/21,1
2082,2013/10/22,1
2083,2013/10/23,1
2084,2013/10/24,1
2085,2013/10/25,1
2086,2013/10/28,1
2087,2013/10/29,1
2088,2013/10/30,1
2089,2013/10/31,1
2090,2013/11/1,1
2091,2013/11/4,1
2092,2013/11/5,1
2093,2013/11/6,1
2094,2013/11/7,1
2095,2013/11/8,1
2096,2013/11/11,1
2097,2013/11/12,1
2098,2013/11/13,1
2099,2013/11/14,1
2100,2013/11/15,1
2101,2013/11/18,1
2102,2013/11/19,1
2103,2013/11/20,1
2104,2013/11/21,1
2105,2013/11/22,1
2106,2013/11/25,1
2107,2013/11/26,1
2108,2013/11/27,1
2109,2013/11/28,1
2110,2013/11/29,1
2111,2013/12/2,1
2112,2013/12/3,1
2113,2013/12/4,1
2114,2013/12/5,1
2115,2013/12/6,1
2116,2013/12/9,1
2117,2013/12/10,1
2118,2013/12/11,1
2119,2013/12/12,1
2120,2013/12/13,1
2121,2013/12/16,1
2122,2013/12/17,1
2123,2013/12/18,1
2124,2013/12/19,1
2125,2013/12/20,1
2126,2013/12/23,1
2127,2013/12/24,1
2128,2013/12/25,1
2129,2013/12/26,1
2130,2013/12/27,1
2131,2013/12/30,1
2132,2013/12/31,1
2133,2014/1/2,1
2134,2014/1/3,1
2135,2014/1/6,1
2136,2014/1/7,1
2137,2014/1/8,1
2138,2014/1/9,1
2139,2014/1/10,1
2140,2014/1/13,1
2141,2014/1/14,1
2142,2014/1/15,1
2143,2014/1/16,1
2144,2014/1/17,1
2145,2014/1/20,1
2146,2014/1/21,1
2147,2014/1/22,1
2148,2014/1/23,1
2149,2014/1/24,1
2150,2014/1/27,1
2151,2014/1/28,1
2152,2014/1/29,1
2153,2014/1/30,1
2154,2014/2/7,1
2155,2014/2/10,1
2156,2014/2/11,1
2157,2014/2/12,1
2158,2014/2/13,1
2159,2014/2/14,1
2160,2014/2/17,1
2161,2014/2/18,1
2162,2014/2/19,1
2163,2014/2/20,1
2164,2014/2/21,1
2165,2014/2/24,1
2166,2014/2/25,1
2167,2014/2/26,1
2168,2014/2/27,1
2169,2014/2/28,1
2170,2014/3/3,1
2171,2014/3/4,1
2172,2014/3/5,1
2173,2014/3/6,1
2174,2014/3/7,1
2175,2014/3/10,1
2176,2014/3/11,1
2177,2014/3/12,1
2178,2014/3/13,1
2179,2014/3/14,1
2180,2014/3/17,1
2181,2014/3/18,1
2182,2014/3/19,1
2183,2014/3/20,1
2184,2014/3/21,1
2185,2014/3/24,1
2186,2014/3/25,1
2187,2014/3/26,1
2188,2014/3/27,1
2189,2014/3/28,1
2190,2014/3/31,1
2191,2014/4/1,1
2192,2014/4/2,1
2193,2014/4/3,1
2194,2014/4/4,1
2195,2014/4/8,1
2196,2014/4/9,1
2197,2014/4/10,1
2198,2014/4/11,1
2199,2014/4/14,1
2200,2014/4/15,1
2201,2014/4/16,1
2202,2014/4/17,1
2203,2014/4/18,1
2204,2014/4/21,1
2205,2014/4/22,1
2206,2014/4/23,1
2207,2014/4/24,1
2208,2014/4/25,1
2209,2014/4/28,1
2210,2014/4/29,1
2211,2014/4/30,1
2212,2014/5/5,1
2213,2014/5/6,1
2214,2014/5/7,1
2215,2014/5/8,1
2216,2014/5/9,1
2217,2014/5/12,1
2218,2014/5/13,1
2219,2014/5/14,1
2220,2014/5/15,1
2221,2014/5/16,1
2222,2014/5/19,1
2223,2014/5/20,1
2224,2014/5/21,1
2225,2014/5/22,1
2226,2014/5/23,1
2227,2014/5/26,1
2228,2014/5/27,1
2229,2014/5/28,1
2230,2014/5/29,1
2231,2014/5/30,1
2232,2014/6/3,1
2233,2014/6/4,1
2234,2014/6/5,1
2235,2014/6/6,1
2236,2014/6/9,1
2237,2014/6/10,1
2238,2014/6/11,1
2239,2014/6/12,1
2240,2014/6/13,1
2241,2014/6/16,1
2242,2014/6/17,1
2243,2014/6/18,1
2244,2014/6/19,1
2245,2014/6/20,1
2246,2014/6/23,1
2247,2014/6/24,1
2248,2014/6/25,1
2249,2014/6/26,1
2250,2014/6/27,1
2251,2014/6/30,1
2252,2014/7/1,1
2253,2014/7/2,1
2254,2014/7/3,1
2255,2014/7/4,1
2256,2014/7/7,1
2257,2014/7/8,1
2258,2014/7/9,1
2259,2014/7/10,1
2260,2014/7/11,1
2261,2014/7/14,1
2262,2014/7/15,1
2263,2014/7/16,1
2264,2014/7/17,1
2265,2014/7/18,1
2266,2014/7/21,1
2267,2014/7/22,1
2268,2014/7/23,1
2269,2014/7/24,1
2270,2014/7/25,1
2271,2014/7/28,1
2272,2014/7/29,1
2273,2014/7/30,1
2274,2014/7/31,1
2275,2014/8/1,1
2276,2014/8/4,1
2277,2014/8/5,1
2278,2014/8/6,1
2279,2014/8/7,1
2280,2014/8/8,1
2281,2014/8/11,1
2282,2014/8/12,1
2283,2014/8/13,1
2284,2014/8/14,1
2285,2014/8/15,1
2286,2014/8/18,1
2287,2014/8/19,1
2288,2014/8/20,1
2289,2014/8/21,1
2290,2014/8/22,1
2291,2014/8/25,1
2292,2014/8/26,1
2293,2014/8/27,1
2294,2014/8/28,1
2295,2014/8/29,1
2296,2014/9/1,1
2297,2014/9/2,1
2298,2014/9/3,1
2299,2014/9/4,1
2300,2014/9/5,1
2301,2014/9/9,1
2302,2014/9/10,1
2303,2014/9/11,1
2304,2014/9/12,1
2305,2014/9/15,1
2306,2014/9/16,1
2307,2014/9/17,1
2308,2014/9/18,1
2309,2014/9/19,1
2310,2014/9/22,1
2311,2014/9/23,1
2312,2014/9/24,1
2313,2014/9/25,1
2314,2014/9/26,1
2315,2014/9/29,1
2316,2014/9/30,1
2317,2014/10/8,1
2318,2014/10/9,1
2319,2014/10/10,1
2320,2014/10/13,1
2321,2014/10/14,1
2322,2014/10/15,1
2323,2014/10/16,1
2324,2014/10/17,1
2325,2014/10/20,1
2326,2014/10/21,1
2327,2014/10/22,1
2328,2014/10/23,1
2329,2014/10/24,1
2330,2014/10/27,1
2331,2014/10/28,1
2332,2014/10/29,1
2333,2014/10/30,1
2334,2014/10/31,1
2335,2014/11/3,1
2336,2014/11/4,1
2337,2014/11/5,1
2338,2014/11/6,1
2339,2014/11/7,1
2340,2014/11/10,1
2341,2014/11/11,1
2342,2014/11/12,1
2343,2014/11/13,1
2344,2014/11/14,1
2345,2014/11/17,1
2346,2014/11/18,1
2347,2014/11/19,1
2348,2014/11/20,1
2349,2014/11/21,1
2350,2014/11/24,1
2351,2014/11/25,1
2352,2014/11/26,1
2353,2014/11/27,1
2354,2014/11/28,1
2355,2014/12/1,1
2356,2014/12/2,1
2357,2014/12/3,1
2358,2014/12/4,1
2359,2014/12/5,1
2360,2014/12/8,1
2361,2014/12/9,1
2362,2014/12/10,1
2363,2014/12/11,1
2364,2014/12/12,1
2365,2014/12/15,1
2366,2014/12/16,1
2367,2014/12/17,1
2368,2014/12/18,1
2369,2014/12/19,1
2370,2014/12/22,1
2371,2014/12/23,1
2372,2014/12/24,1
2373,2014/12/25,1
2374,2014/12/26,1
2375,2014/12/29,1
2376,2014/12/30,1
2377,2014/12/31,1
2378,2015/1/5,1
2379,2015/1/6,1
2380,2015/1/7,1
2381,2015/1/8,1
2382,2015/1/9,1
2383,2015/1/12,1
2384,2015/1/13,1
2385,2015/1/14,1
2386,2015/1/15,1
2387,2015/1/16,1
2388,2015/1/19,1
2389,2015/1/20,1
2390,2015/1/21,1
2391,2015/1/22,1
2392,2015/1/23,1
2393,2015/1/26,1
2394,2015/1/27,1
2395,2015/1/28,1
2396,2015/1/29,1
2397,2015/1/30,1
2398,2015/2/2,1
2399,2015/2/3,1
2400,2015/2/4,1
2401,2015/2/5,1
2402,2015/2/6,1
2403,2015/2/9,1
2404,2015/2/10,1
2405,2015/2/11,1
2406,2015/2/12,1
2407,2015/2/13,1
2408,2015/2/16,1
2409,2015/2/17,1
2410,2015/2/25,1
2411,2015/2/26,1
2412,2015/2/27,1
2413,2015/3/2,1
2414,2015/3/3,1
2415,2015/3/4,1
2416,2015/3/5,1
2417,2015/3/6,1
2418,2015/3/9,1
2419,2015/3/10,1
2420,2015/3/11,1
2421,2015/3/12,1
2422,2015/3/13,1
2423,2015/3/16,1
2424,2015/3/17,1
2425,2015/3/18,1
2426,2015/3/19,1
2427,2015/3/20,1
2428,2015/3/23,1
2429,2015/3/24,1
2430,2015/3/25,1
2431,2015/3/26,1
2432,2015/3/27,1
2433,2015/3/30,1
2434,2015/3/31,1
2435,2015/4/1,1
2436,2015/4/2,1
2437,2015/4/3,1
2438,2015/4/7,1
2439,2015/4/8,1
2440,2015/4/9,1
2441,2015/4/10,1
2442,2015/4/13,1
2443,2015/4/14,1
2444,2015/4/15,1
2445,2015/4/16,1
2446,2015/4/17,1
2447,2015/4/20,1
2448,2015/4/21,1
2449,2015/4/22,1
2450,2015/4/23,1
2451,2015/4/24,1
2452,2015/4/27,1
2453,2015/4/28,1
2454,2015/4/29,1
2455,2015/4/30,1
2456,2015/5/4,1
2457,2015/5/5,1
2458,2015/5/6,1
2459,2015/5/7,1
2460,2015/5/8,1
2461,2015/5/11,1
2462,2015/5/12,1
2463,2015/5/13,1
2464,2015/5/14,1
2465,2015/5/15,1
2466,2015/5/18,1
2467,2015/5/19,1
2468,2015/5/20,1
2469,2015/5/21,1
2470,2015/5/22,1
2471,2015/5/25,1
2472,2015/5/26,1
2473,2015/5/27,1
2474,2015/5/28,1
2475,2015/5/29,1
2476,2015/6/1,1
2477,2015/6/2,1
2478,2015/6/3,1
2479,2015/6/4,1
2480,2015/6/5,1
2481,2015/6/8,1
2482,2015/6/9,1
2483,2015/6/10,1
2484,2015/6/11,1
2485,2015/6/12,1
2486,2015/6/15,1
2487,2015/6/16,1
2488,2015/6/17,1
2489,2015/6/18,1
2490,2015/6/19,1
2491,2015/6/23,1
2492,2015/6/24,1
2493,2015/6/25,1
2494,2015/6/26,1
2495,2015/6/29,1
2496,2015/6/30,1
2497,2015/7/1,1
2498,2015/7/2,1
2499,2015/7/3,1
2500,2015/7/6,1
2501,2015/7/7,1
2502,2015/7/8,1
2503,2015/7/9,1
2504,2015/7/10,1
2505,2015/7/13,1
2506,2015/7/14,1
2507,2015/7/15,1
2508,2015/7/16,1
2509,2015/7/17,1
2510,2015/7/20,1
2511,2015/7/21,1
2512,2015/7/22,1
2513,2015/7/23,1
2514,2015/7/24,1
2515,2015/7/27,1
2516,2015/7/28,1
2517,2015/7/29,1
2518,2015/7/30,1
2519,2015/7/31,1
2520,2015/8/3,1
2521,2015/8/4,1
2522,2015/8/5,1
2523,2015/8/6,1
2524,2015/8/7,1
2525,2015/8/10,1
2526,2015/8/11,1
2527,2015/8/12,1
2528,2015/8/13,1
2529,2015/8/14,1
2530,2015/8/17,1
2531,2015/8/18,1
2532,2015/8/19,1
2533,2015/8/20,1
2534,2015/8/21,1
2535,2015/8/24,1
2536,2015/8/25,1
2537,2015/8/26,1
2538,2015/8/27,1
2539,2015/8/28,1
2540,2015/8/31,1
2541,2015/9/1,1
2542,2015/9/2,1
2543,2015/9/7,1
2544,2015/9/8,1
2545,2015/9/9,1
2546,2015/9/10,1
2547,2015/9/11,1
2548,2015/9/14,1
2549,2015/9/15,1
2550,2015/9/16,1
2551,2015/9/17,1
2552,2015/9/18,1
2553,2015/9/21,1
2554,2015/9/22,1
2555,2015/9/23,1
2556,2015/9/24,1
2557,2015/9/25,1
2558,2015/9/28,1
2559,2015/9/29,1
2560,2015/9/30,1
2561,2015/10/8,1
2562,2015/10/9,1
2563,2015/10/12,1
2564,2015/10/13,1
2565,2015/10/14,1
2566,2015/10/15,1
2567,2015/10/16,1
2568,2015/10/19,1
2569,2015/10/20,1
2570,2015/10/21,1
2571,2015/10/22,1
2572,2015/10/23,1
2573,2015/10/26,1
2574,2015/10/27,1
2575,2015/10/28,1
2576,2015/10/29,1
2577,2015/10/30,1
2578,2015/11/2,1
2579,2015/11/3,1
2580,2015/11/4,1
2581,2015/11/5,1
2582,2015/11/6,1
2583,2015/11/9,1
2584,2015/11/10,1
2585,2015/11/11,1
2586,2015/11/12,1
2587,2015/11/13,1
2588,2015/11/16,1
2589,2015/11/17,1
2590,2015/11/18,1
2591,2015/11/19,1
2592,2015/11/20,1
2593,2015/11/23,1
2594,2015/11/24,1
2595,2015/11/25,1
2596,2015/11/26,1
2597,2015/11/27,1
2598,2015/11/30,1
2599,2015/12/1,1
2600,2015/12/2,1
2601,2015/12/3,1
2602,2015/12/4,1
2603,2015/12/7,1
2604,2015/12/8,1
2605,2015/12/9,1
2606,2015/12/10,1
2607,2015/12/11,1
2608,2015/12/14,1
2609,2015/12/15,1
2610,2015/12/16,1
2611,2015/12/17,1
2612,2015/12/18,1
2613,2015/12/21,1
2614,2015/12/22,1
2615,2015/12/23,1
2616,2015/12/24,1
2617,2015/12/25,1
2618,2015/12/28,1
2619,2015/12/29,1
2620,2015/12/30,1
2621,2015/12/31,1
2622,2016/1/4,1
2623,2016/1/5,1
2624,2016/1/6,1
2625,2016/1/7,1
2626,2016/1/8,1
2627,2016/1/11,1
2628,2016/1/12,1
2629,2016/1/13,1
2630,2016/1/14,1
2631,2016/1/15,1
2632,2016/1/18,1
2633,2016/1/19,1
2634,2016/1/20,1
2635,2016/1/21,1
2636,2016/1/22,1
2637,2016/1/25,1
2638,2016/1/26,1
2639,2016/1/27,1
2640,2016/1/28,1
2641,2016/1/29,1
2642,2016/2/1,1
2643,2016/2/2,1
2644,2016/2/3,1
2645,2016/2/4,1
2646,2016/2/5,1
2647,2016/2/15,1
2648,2016/2/16,1
2649,2016/2/17,1
2650,2016/2/18,1
2651,2016/2/19,1
2652,2016/2/22,1
2653,2016/2/23,1
2654,2016/2/24,1
2655,2016/2/25,1
2656,2016/2/26,1
2657,2016/2/29,1
2658,2016/3/1,1
2659,2016/3/2,1
2660,2016/3/3,1
2661,2016/3/4,1
2662,2016/3/7,1
2663,2016/3/8,1
2664,2016/3/9,1
2665,2016/3/10,1
2666,2016/3/11,1
2667,2016/3/14,1
2668,2016/3/15,1
2669,2016/3/16,1
2670,2016/3/17,1
2671,2016/3/18,1
2672,2016/3/21,1
2673,2016/3/22,1
2674,2016/3/23,1
2675,2016/3/24,1
2676,2016/3/25,1
2677,2016/3/28,1
2678,2016/3/29,1
2679,2016/3/30,1
2680,2016/3/31,1
2681,2016/4/1,1
2682,2016/4/5,1
2683,2016/4/6,1
2684,2016/4/7,1
2685,2016/4/8,1
2686,2016/4/11,1
2687,2016/4/12,1
2688,2016/4/13,1
2689,2016/4/14,1
2690,2016/4/15,1
2691,2016/4/18,1
2692,2016/4/19,1
2693,2016/4/20,1
2694,2016/4/21,1
2695,2016/4/22,1
2696,2016/4/25,1
2697,2016/4/26,1
2698,2016/4/27,1
2699,2016/4/28,1
2700,2016/4/29,1
2701,2016/5/3,1
2702,2016/5/4,1
2703,2016/5/5,1
2704,2016/5/6,1
2705,2016/5/9,1
2706,2016/5/10,1
2707,2016/5/11,1
2708,2016/5/12,1
2709,2016/5/13,1
2710,2016/5/16,1
2711,2016/5/17,1
2712,2016/5/18,1
2713,2016/5/19,1
2714,2016/5/20,1
2715,2016/5/23,1
2716,2016/5/24,1
2717,2016/5/25,1
2718,2016/5/26,1
2719,2016/5/27,1
2720,2016/5/30,1
2721,2016/5/31,1
2722,2016/6/1,1
2723,2016/6/2,1
2724,2016/6/3,1
2725,2016/6/6,1
2726,2016/6/7,1
2727,2016/6/8,1
2728,2016/6/13,1
2729,2016/6/14,1
2730,2016/6/15,1
2731,2016/6/16,1
2732,2016/6/17,1
2733,2016/6/20,1
2734,2016/6/21,1
2735,2016/6/22,1
2736,2016/6/23,1
2737,2016/6/24,1
2738,2016/6/27,1
2739,2016/6/28,1
2740,2016/6/29,1
2741,2016/6/30,1
2742,2016/7/1,1
2743,2016/7/4,1
2744,2016/7/5,1
2745,2016/7/6,1
2746,2016/7/7,1
2747,2016/7/8,1
2748,2016/7/11,1
2749,2016/7/12,1
2750,2016/7/13,1
2751,2016/7/14,1
2752,2016/7/15,1
2753,2016/7/18,1
2754,2016/7/19,1
2755,2016/7/20,1
2756,2016/7/21,1
2757,2016/7/22,1
2758,2016/7/25,1
2759,2016/7/26,1
2760,2016/7/27,1
2761,2016/7/28,1
2762,2016/7/29,1
2763,2016/8/1,1
2764,2016/8/2,1
2765,2016/8/3,1
2766,2016/8/4,1
2767,2016/8/5,1
2768,2016/8/8,1
2769,2016/8/9,1
2770,2016/8/10,1
2771,2016/8/11,1
2772,2016/8/12,1
2773,2016/8/15,1
2774,2016/8/16,1
2775,2016/8/17,1
2776,2016/8/18,1
2777,2016/8/19,1
2778,2016/8/22,1
2779,2016/8/23,1
2780,2016/8/24,1
2781,2016/8/25,1
2782,2016/8/26,1
2783,2016/8/29,1
2784,2016/8/30,1
2785,2016/8/31,1
2786,2016/9/1,1
2787,2016/9/2,1
2788,2016/9/5,1
2789,2016/9/6,1
2790,2016/9/7,1
2791,2016/9/8,1
2792,2016/9/9,1
2793,2016/9/12,1
2794,2016/9/13,1
2795,2016/9/14,1
2796,2016/9/19,1
2797,2016/9/20,1
2798,2016/9/21,1
2799,2016/9/22,1
2800,2016/9/23,1
2801,2016/9/26,1
2802,2016/9/27,1
2803,2016/9/28,1
2804,2016/9/29,1
2805,2016/9/30,1
2806,2016/10/10,1
2807,2016/10/11,1
2808,2016/10/12,1
2809,2016/10/13,1
2810,2016/10/14,1
2811,2016/10/17,1
2812,2016/10/18,1
2813,2016/10/19,1
2814,2016/10/20,1
2815,2016/10/21,1
2816,2016/10/24,1
2817,2016/10/25,1
2818,2016/10/26,1
2819,2016/10/27,1
2820,2016/10/28,1
2821,2016/10/31,1
2822,2016/11/1,1
2823,2016/11/2,1
2824,2016/11/3,1
2825,2016/11/4,1
2826,2016/11/7,1
2827,2016/11/8,1
2828,2016/11/9,1
2829,2016/11/10,1
2830,2016/11/11,1
2831,2016/11/14,1
2832,2016/11/15,1
2833,2016/11/16,1
2834,2016/11/17,1
2835,2016/11/18,1
2836,2016/11/21,1
2837,2016/11/22,1
2838,2016/11/23,1
2839,2016/11/24,1
2840,2016/11/25,1
2841,2016/11/28,1
2842,2016/11/29,1
2843,2016/11/30,1
2844,2016/12/1,1
2845,2016/12/2,1
2846,2016/12/5,1
2847,2016/12/6,1
2848,2016/12/7,1
2849,2016/12/8,1
2850,2016/12/9,1
2851,2016/12/12,1
2852,2016/12/13,1
2853,2016/12/14,1
2854,2016/12/15,1
2855,2016/12/16,1
2856,2016/12/19,1
2857,2016/12/20,1
2858,2016/12/21,1
2859,2016/12/22,1
2860,2016/12/23,1
2861,2016/12/26,1
2862,2016/12/27,1
2863,2016/12/28,1
2864,2016/12/29,1
2865,2016/12/30,1
2866,2017/1/3,1
2867,2017/1/4,1
2868,2017/1/5,1
2869,2017/1/6,1
2870,2017/1/9,1
2871,2017/1/10,1
2872,2017/1/11,1
2873,2017/1/12,1
2874,2017/1/13,1
2875,2017/1/16,1
2876,2017/1/17,1
2877,2017/1/18,1
2878,2017/1/19,1
2879,2017/1/20,1
2880,2017/1/23,1
2881,2017/1/24,1
2882,2017/1/25,1
2883,2017/1/26,1
2884,2017/2/3,1
2885,2017/2/6,1
2886,2017/2/7,1
2887,2017/2/8,1
2888,2017/2/9,1
2889,2017/2/10,1
2890,2017/2/13,1
2891,2017/2/14,1
2892,2017/2/15,1
2893,2017/2/16,1
2894,2017/2/17,1
2895,2017/2/20,1
2896,2017/2/21,1
2897,2017/2/22,1
2898,2017/2/23,1
2899,2017/2/24,1
2900,2017/2/27,1
2901,2017/2/28,1
2902,2017/3/1,1
2903,2017/3/2,1
2904,2017/3/3,1
2905,2017/3/6,1
2906,2017/3/7,1
2907,2017/3/8,1
2908,2017/3/9,1
2909,2017/3/10,1
2910,2017/3/13,1
2911,2017/3/14,1
2912,2017/3/15,1
2913,2017/3/16,1
2914,2017/3/17,1
2915,2017/3/20,1
2916,2017/3/21,1
2917,2017/3/22,1
2918,2017/3/23,1
2919,2017/3/24,1
2920,2017/3/27,1
2921,2017/3/28,1
2922,2017/3/29,1
2923,2017/3/30,1
2924,2017/3/31,1
2925,2017/4/5,1
2926,2017/4/6,1
2927,2017/4/7,1
2928,2017/4/10,1
2929,2017/4/11,1
2930,2017/4/12,1
2931,2017/4/13,1
2932,2017/4/14,1
2933,2017/4/17,1
2934,2017/4/18,1
2935,2017/4/19,1
2936,2017/4/20,1
2937,2017/4/21,1
2938,2017/4/24,1
2939,2017/4/25,1
2940,2017/4/26,1
2941,2017/4/27,1
2942,2017/4/28,1
2943,2017/5/2,1
2944,2017/5/3,1
2945,2017/5/4,1
2946,2017/5/5,1
2947,2017/5/8,1
2948,2017/5/9,1
2949,2017/5/10,1
2950,2017/5/11,1
2951,2017/5/12,1
2952,2017/5/15,1
2953,2017/5/16,1
2954,2017/5/17,1
2955,2017/5/18,1
2956,2017/5/19,1
2957,2017/5/22,1
2958,2017/5/23,1
2959,2017/5/24,1
2960,2017/5/25,1
2961,2017/5/26,1
2962,2017/5/31,1
2963,2017/6/1,1
2964,2017/6/2,1
2965,2017/6/5,1
2966,2017/6/6,1
2967,2017/6/7,1
2968,2017/6/8,1
2969,2017/6/9,1
2970,2017/6/12,1
2971,2017/6/13,1
2972,2017/6/14,1
2973,2017/6/15,1
2974,2017/6/16,1
2975,2017/6/19,1
2976,2017/6/20,1
2977,2017/6/21,1
2978,2017/6/22,1
2979,2017/6/23,1
2980,2017/6/26,1
2981,2017/6/27,1
2982,2017/6/28,1
2983,2017/6/29,1
2984,2017/6/30,1
2985,2017/7/3,1
2986,2017/7/4,1
2987,2017/7/5,1
2988,2017/7/6,1
2989,2017/7/7,1
2990,2017/7/10,1
2991,2017/7/11,1
2992,2017/7/12,1
2993,2017/7/13,1
2994,2017/7/14,1
2995,2017/7/17,1
2996,2017/7/18,1
2997,2017/7/19,1
2998,2017/7/20,1
2999,2017/7/21,1
3000,2017/7/24,1
3001,2017/7/25,1
3002,2017/7/26,1
3003,2017/7/27,1
3004,2017/7/28,1
3005,2017/7/31,1
3006,2017/8/1,1
3007,2017/8/2,1
3008,2017/8/3,1
3009,2017/8/4,1
3010,2017/8/7,1
3011,2017/8/8,1
3012,2017/8/9,1
3013,2017/8/10,1
3014,2017/8/11,1
3015,2017/8/14,1
3016,2017/8/15,1
3017,2017/8/16,1
3018,2017/8/17,1
3019,2017/8/18,1
3020,2017/8/21,1
3021,2017/8/22,1
3022,2017/8/23,1
3023,2017/8/24,1
3024,2017/8/25,1
3025,2017/8/28,1
3026,2017/8/29,1
3027,2017/8/30,1
3028,2017/8/31,1
3029,2017/9/1,1
3030,2017/9/4,1
3031,2017/9/5,1
3032,2017/9/6,1
3033,2017/9/7,1
3034,2017/9/8,1
3035,2017/9/11,1
3036,2017/9/12,1
3037,2017/9/13,1
3038,2017/9/14,1
3039,2017/9/15,1
3040,2017/9/18,1
3041,2017/9/19,1
3042,2017/9/20,1
3043,2017/9/21,1
3044,2017/9/22,1
3045,2017/9/25,1
3046,2017/9/26,1
3047,2017/9/27,1
3048,2017/9/28,1
3049,2017/9/29,1
3050,2017/10/9,1
3051,2017/10/10,1
3052,2017/10/11,1
3053,2017/10/12,1
3054,2017/10/13,1
3055,2017/10/16,1
3056,2017/10/17,1
3057,2017/10/18,1
3058,2017/10/19,1
3059,2017/10/20,1
3060,2017/10/23,1
3061,2017/10/24,1
3062,2017/10/25,1
3063,2017/10/26,1
3064,2017/10/27,1
3065,2017/10/30,1
3066,2017/10/31,1
3067,2017/11/1,1
3068,2017/11/2,1
3069,2017/11/3,1
3070,2017/11/6,1
3071,2017/11/7,1
3072,2017/11/8,1
3073,2017/11/9,1
3074,2017/11/10,1
3075,2017/11/13,1
3076,2017/11/14,1
3077,2017/11/15,1
3078,2017/11/16,1
3079,2017/11/17,1
3080,2017/11/20,1
3081,2017/11/21,1
3082,2017/11/22,1
3083,2017/11/23,1
3084,2017/11/24,1
3085,2017/11/27,1
3086,2017/11/28,1
3087,2017/11/29,1
3088,2017/11/30,1
3089,2017/12/1,1
3090,2017/12/4,1
3091,2017/12/5,1
3092,2017/12/6,1
3093,2017/12/7,1
3094,2017/12/8,1
3095,2017/12/11,1
3096,2017/12/12,1
3097,2017/12/13,1
3098,2017/12/14,1
3099,2017/12/15,1
3100,2017/12/18,1
3101,2017/12/19,1
3102,2017/12/20,1
3103,2017/12/21,1
3104,2017/12/22,1
3105,2017/12/25,1
3106,2017/12/26,1
3107,2017/12/27,1
3108,2017/12/28,1
3109,2017/12/29,1
3110,2018/1/2,1
3111,2018/1/3,1
3112,2018/1/4,1
3113,2018/1/5,1
3114,2018/1/8,1
3115,2018/1/9,1
3116,2018/1/10,1
3117,2018/1/11,1
3118,2018/1/12,1
3119,2018/1/15,1
3120,2018/1/16,1
3121,2018/1/17,1
3122,2018/1/18,1
3123,2018/1/19,1
3124,2018/1/22,1
3125,2018/1/23,1
3126,2018/1/24,1
3127,2018/1/25,1
3128,2018/1/26,1
3129,2018/1/29,1
3130,2018/1/30,1
3131,2018/1/31,1
3132,2018/2/1,1
3133,2018/2/2,1
3134,2018/2/5,1
3135,2018/2/6,1
3136,2018/2/7,1
3137,2018/2/8,1
3138,2018/2/9,1
3139,2018/2/12,1
3140,2018/2/13,1
3141,2018/2/14,1
3142,2018/2/22,1
3143,2018/2/23,1
3144,2018/2/26,1
3145,2018/2/27,1
3146,2018/2/28,1
3147,2018/3/1,1
3148,2018/3/2,1
3149,2018/3/5,1
3150,2018/3/6,1
3151,2018/3/7,1
3152,2018/3/8,1
3153,2018/3/9,1
3154,2018/3/12,1
3155,2018/3/13,1
3156,2018/3/14,1
3157,2018/3/15,1
3158,2018/3/16,1
3159,2018/3/19,1
3160,2018/3/20,1
3161,2018/3/21,1
3162,2018/3/22,1
3163,2018/3/23,1
3164,2018/3/26,1
3165,2018/3/27,1
3166,2018/3/28,1
3167,2018/3/29,1
3168,2018/3/30,1
3169,2018/4/2,1
3170,2018/4/3,1
3171,2018/4/4,1
3172,2018/4/9,1
3173,2018/4/10,1
3174,2018/4/11,1
3175,2018/4/12,1
3176,2018/4/13,1
3177,2018/4/16,1
3178,2018/4/17,1
3179,2018/4/18,1
3180,2018/4/19,1
3181,2018/4/20,1
3182,2018/4/23,1
3183,2018/4/24,1
3184,2018/4/25,1
3185,2018/4/26,1
3186,2018/4/27,1
3187,2018/5/2,1
3188,2018/5/3,1
3189,2018/5/4,1
3190,2018/5/7,1
3191,2018/5/8,1
3192,2018/5/9,1
3193,2018/5/10,1
3194,2018/5/11,1
3195,2018/5/14,1
3196,2018/5/15,1
3197,2018/5/16,1
3198,2018/5/17,1
3199,2018/5/18,1
3200,2018/5/21,1
3201,2018/5/22,1
3202,2018/5/23,1
3203,2018/5/24,1
3204,2018/5/25,1
3205,2018/5/28,1
3206,2018/5/29,1
3207,2018/5/30,1
3208,2018/5/31,1
3209,2018/6/1,1
3210,2018/6/4,1
3211,2018/6/5,1
3212,2018/6/6,1
3213,2018/6/7,1
3214,2018/6/8,1
3215,2018/6/11,1
3216,2018/6/12,1
3217,2018/6/13,1
3218,2018/6/14,1
3219,2018/6/15,1
3220,2018/6/19,1
3221,2018/6/20,1
3222,2018/6/21,1
3223,2018/6/22,1
3224,2018/6/25,1
3225,2018/6/26,1
3226,2018/6/27,1
3227,2018/6/28,1
3228,2018/6/29,1
3229,2018/7/2,1
3230,2018/7/3,1
3231,2018/7/4,1
3232,2018/7/5,1
3233,2018/7/6,1
3234,2018/7/9,1
3235,2018/7/10,1
3236,2018/7/11,1
3237,2018/7/12,1
3238,2018/7/13,1
3239,2018/7/16,1
3240,2018/7/17,1
3241,2018/7/18,1
3242,2018/7/19,1
3243,2018/7/20,1
3244,2018/7/23,1
3245,2018/7/24,1
3246,2018/7/25,1
3247,2018/7/26,1
3248,2018/7/27,1
3249,2018/7/30,1
3250,2018/7/31,1
3251,2018/8/1,1
3252,2018/8/2,1
3253,2018/8/3,1
3254,2018/8/6,1
3255,2018/8/7,1
3256,2018/8/8,1
3257,2018/8/9,1
3258,2018/8/10,1
3259,2018/8/13,1
3260,2018/8/14,1
3261,2018/8/15,1
3262,2018/8/16,1
3263,2018/8/17,1
3264,2018/8/20,1
3265,2018/8/21,1
3266,2018/8/22,1
3267,2018/8/23,1
3268,2018/8/24,1
3269,2018/8/27,1
3270,2018/8/28,1
3271,2018/8/29,1
3272,2018/8/30,1
3273,2018/8/31,1
3274,2018/9/3,1
3275,2018/9/4,1
3276,2018/9/5,1
3277,2018/9/6,1
3278,2018/9/7,1
3279,2018/9/10,1
3280,2018/9/11,1
3281,2018/9/12,1
3282,2018/9/13,1
3283,2018/9/14,1
3284,2018/9/17,1
3285,2018/9/18,1
3286,2018/9/19,1
3287,2018/9/20,1
3288,2018/9/21,1
3289,2018/9/25,1
3290,2018/9/26,1
3291,2018/9/27,1
3292,2018/9/28,1
3293,2018/10/8,1
3294,2018/10/9,1
3295,2018/10/10,1
3296,2018/10/11,1
3297,2018/10/12,1
3298,2018/10/15,1
3299,2018/10/16,1
3300,2018/10/17,1
3301,2018/10/18,1
3302,2018/10/19,1
3303,2018/10/22,1
3304,2018/10/23,1
3305,2018/10/24,1
3306,2018/10/25,1
3307,2018/10/26,1
3308,2018/10/29,1
3309,2018/10/30,1
3310,2018/10/31,1
3311,2018/11/1,1
3312,2018/11/2,1
3313,2018/11/5,1
3314,2018/11/6,1
3315,2018/11/7,1
3316,2018/11/8,1
3317,2018/11/9,1
3318,2018/11/12,1
3319,2018/11/13,1
3320,2018/11/14,0
3321,2018/11/15,0
3322,2018/11/16,1
3323,2018/11/19,1
3324,2018/11/20,0
3325,2018/11/21,0
3326,2018/11/22,0
3327,2018/11/23,0
3328,2018/11/26,1
3329,2018/11/27,1
3330,2018/11/28,1
3331,2018/11/29,1
3332,2018/11/30,1
3333,2018/12/3,1
3334,2018/12/4,1
3335,2018/12/5,1
3336,2018/12/6,1
3337,2018/12/7,1
3338,2018/12/10,1
3339,2018/12/11,1
3340,2018/12/12,1
3341,2018/12/13,1
3342,2018/12/14,1
3343,2018/12/17,1
3344,2018/12/18,1
3345,2018/12/19,1
3346,2018/12/20,1
3347,2018/12/21,1
3348,2018/12/24,1
3349,2018/12/25,1
3350,2018/12/26,1
3351,2018/12/27,1
3352,2018/12/28,1
3353,2019/1/2,1
3354,2019/1/3,1
3355,2019/1/4,1
3356,2019/1/7,1
3357,2019/1/8,1
3358,2019/1/9,1
3359,2019/1/10,1
3360,2019/1/11,1
3361,2019/1/14,1
3362,2019/1/15,1
3363,2019/1/16,1
3364,2019/1/17,1
3365,2019/1/18,1
3366,2019/1/21,1
3367,2019/1/22,1
3368,2019/1/23,1
3369,2019/1/24,1
3370,2019/1/25,1
3371,2019/1/28,1
3372,2019/1/29,1
3373,2019/1/30,1
3374,2019/1/31,1
3375,2019/2/1,1
3376,2019/2/11,1
3377,2019/2/12,1
3378,2019/2/13,1
3379,2019/2/14,1
3380,2019/2/15,1
3381,2019/2/18,1
3382,2019/2/19,1
3383,2019/2/20,1
3384,2019/2/21,1
3385,2019/2/22,1
3386,2019/2/25,1
3387,2019/2/26,1
3388,2019/2/27,1
3389,2019/2/28,1
3390,2019/3/1,1
3391,2019/3/4,1
3392,2019/3/5,1
3393,2019/3/6,1
3394,2019/3/7,1
3395,2019/3/8,1
3396,2019/3/11,1
3397,2019/3/12,1
3398,2019/3/13,1
3399,2019/3/14,1
3400,2019/3/15,1
3401,2019/3/18,1
3402,2019/3/19,1
3403,2019/3/20,1
3404,2019/3/21,1
3405,2019/3/22,1
3406,2019/3/25,1
3407,2019/3/26,1
3408,2019/3/27,1
3409,2019/3/28,1
3410,2019/3/29,1
3411,2019/4/1,1
3412,2019/4/2,1
3413,2019/4/3,1
3414,2019/4/4,1
3415,2019/4/8,1
3416,2019/4/9,1
3417,2019/4/10,1
3418,2019/4/11,1
3419,2019/4/12,1
3420,2019/4/15,1
3421,2019/4/16,1
3422,2019/4/17,1
3423,2019/4/18,1
3424,2019/4/19,1
3425,2019/4/22,1
3426,2019/4/23,1
3427,2019/4/24,1
3428,2019/4/25,1
3429,2019/4/26,1
3430,2019/4/29,1
3431,2019/4/30,1
3432,2019/5/6,1
3433,2019/5/7,1
3434,2019/5/8,1
3435,2019/5/9,1
3436,2019/5/10,1
3437,2019/5/13,1
3438,2019/5/14,1
3439,2019/5/15,1
3440,2019/5/16,1
3441,2019/5/17,1
3442,2019/5/20,1
3443,2019/5/21,1
3444,2019/5/22,1
3445,2019/5/23,1
3446,2019/5/24,1
3447,2019/5/27,1
3448,2019/5/28,1
3449,2019/5/29,1
3450,2019/5/30,1
3451,2019/5/31,1
3452,2019/6/3,1
3453,2019/6/4,1
3454,2019/6/5,1
3455,2019/6/6,1
3456,2019/6/10,1
3457,2019/6/11,1
3458,2019/6/12,1
3459,2019/6/13,1
3460,2019/6/14,1
3461,2019/6/17,1
3462,2019/6/18,1
3463,2019/6/19,1
3464,2019/6/20,1
3465,2019/6/21,1
3466,2019/6/24,1
3467,2019/6/25,1
3468,2019/6/26,1
3469,2019/6/27,1
3470,2019/6/28,1
3471,2019/7/1,1
3472,2019/7/2,1
3473,2019/7/3,1
3474,2019/7/4,1
3475,2019/7/5,1
3476,2019/7/8,1
3477,2019/7/9,1
3478,2019/7/10,1
3479,2019/7/11,1
3480,2019/7/12,1
3481,2019/7/15,1
3482,2019/7/16,1
3483,2019/7/17,1
3484,2019/7/18,1
3485,2019/7/19,1
3486,2019/7/22,1
3487,2019/7/23,1
3488,2019/7/24,1
3489,2019/7/25,1
3490,2019/7/26,1
3491,2019/7/29,1
3492,2019/7/30,1
3493,2019/7/31,1
3494,2019/8/1,1
3495,2019/8/2,1
3496,2019/8/5,1
3497,2019/8/6,1
3498,2019/8/7,1
3499,2019/8/8,1
3500,2019/8/9,1
3501,2019/8/12,1
3502,2019/8/13,1
3503,2019/8/14,1
3504,2019/8/15,1
3505,2019/8/16,1
3506,2019/8/19,1
3507,2019/8/20,1
3508,2019/8/21,1
3509,2019/8/22,1
3510,2019/8/23,1
3511,2019/8/26,1
3512,2019/8/27,1
3513,2019/8/28,1
3514,2019/8/29,1
3515,2019/8/30,1
3516,2019/9/2,1
3517,2019/9/3,1
3518,2019/9/4,1
3519,2019/9/5,1
3520,2019/9/6,1
3521,2019/9/9,1
3522,2019/9/10,1
3523,2019/9/11,1
3524,2019/9/12,1
3525,2019/9/16,1
3526,2019/9/17,1
3527,2019/9/18,1
3528,2019/9/19,1
3529,2019/9/20,1
3530,2019/9/23,1
3531,2019/9/24,1
3532,2019/9/25,1
3533,2019/9/26,1
3534,2019/9/27,1
